analysis_name,org_order,class,class2
M_stR_75T,1,ad,ad
M_stR_135T,2,ad,ad
M_stR_146T,3,ad,ad
M_stR_151T,4,ad,ad
M_stR_153T,5,ad,ad
M_stR_168T,6,ad,ad
M_stR_174T,7,ad,ad
M_stR_183T,8,ad,ad
M_stR_189T,9,ad,ad
M_stR_195T,10,ad,ad
M_stR_197T,11,ad,ad
M_stR_301T,12,ad,ad
M_stR_305T,13,ad,ad
M_stR_314T,14,ad,ad
M_stR_318T,15,ad,ad
M_stR_319T,16,ad,ad
M_stR_320T,17,ad,ad
M_stR_324T,18,ad,ad
M_stR_327T,19,ad,ad
M_stR_332T,20,ad,ad
M_stR_338T,21,ad,ad
M_stR_344T,22,ad,ad
M_stR_356T,23,ad,ad
M_stR_357T,24,ad,ad
M_stR_360T,25,ad,ad
M_stR_368T,26,ad,ad
M_stR_372T,27,ad,ad
M_stR_379T,28,ad,ad
M_stR_381T,29,ad,ad
M_stR_385T,30,ad,ad
M_stR_387T,31,ad,ad
M_stR_389T,32,ad,ad
M_stR_392T,33,ad,ad
M_stR_401T,34,ad,ad
M_stR_404T,35,ad,ad
M_stR_408T,36,ad,ad
M_stR_412T,37,ad,ad
M_stR_415T,38,ad,ad
M_stR_417T,39,ad,ad
M_stR_418T,40,ad,ad
M_stR_424_1T,41,ad,ad
M_stR_425T,42,ad,ad
M_stR_427T,43,ad,ad
M_stR_431T,44,ad,ad
M_stR_437T,45,ad,ad
M_stR_438T,46,ad,ad
M_stR_439T,47,ad,ad
M_stR_440T,48,ad,ad
M_stR_441T,49,ad,ad
M_stR_442T,50,ad,ad
M_stR_449T,51,ad,ad
M_stR_450T,52,ad,ad
M_stR_452T,53,ad,ad
M_stR_453T,54,ad,ad
M_stR_454T,55,ad,ad
M_stR_455T,56,ad,ad
M_stR_456T,57,ad,ad
M_stR_457T,58,ad,ad
M_stR_459T,59,ad,ad
M_stR_462T,60,ad,ad
M_stR_465T,61,ad,ad
M_stR_466T,62,ad,ad
M_stR_467T,63,ad,ad
M_stR_468T,64,ad,ad
M_stR_469T,65,ad,ad
M_stR_470T,66,ad,ad
M_stR_471T,67,ad,ad
M_stR_473T,68,ad,ad
M_stR_474T,69,ad,ad
M_stR_476T,70,ad,ad
M_stR_477T,71,ad,ad
M_stR_478T,72,ad,ad
M_stR_479T,73,ad,ad
M_stR_480T,74,ad,ad
M_stR_481T,75,ad,ad
M_stR_484T,76,ad,ad
M_stR_485T,77,ad,ad
M_stR_486T,78,ad,ad
M_stR_488T,79,ad,ad
M_stR_489T,80,ad,ad
M_stR_491T,81,ad,ad
M_stR_492T,82,ad,ad
M_stR_495T,83,ad,ad
M_stR_497T,84,ad,ad
M_stR_498T,85,ad,ad
M_stR_499T,86,ad,ad
M_stR_501T,87,ad,ad
M_stR_502T,88,ad,ad
M_stR_503T,89,ad,ad
M_stR_504T,90,ad,ad
M_stR_505T,91,ad,ad
M_stR_506T,92,ad,ad
M_stR_507T_S4,93,ad,ad
M_stR_512T,94,ad,ad
M_stR_516T,95,ad,ad
M_stR_521T,96,ad,ad
M_stR_530T,97,ad,ad
M_stR_531T,98,ad,ad
M_stR_533T,99,ad,ad
M_stR_537T,100,ad,ad
M_stR_562T,101,ad,ad
M_stR_567T.1,102,ad,ad
M_stR_570T,103,ad,ad
M_stR_571T,104,ad,ad
M_stR_582T,105,ad,ad
M_stR_7T,106,e,e
M_stR_27T,107,e,e
M_stR_35T,108,e,e
M_stR_49T,109,e,e
M_stR_50T,110,e,e
M_stR_54T,111,e,out
M_stR_58T,112,e,e
M_stR_65T,113,e,e
M_stR_94T,114,e,e
M_stR_131T,115,e,e
M_stR_167T,116,e,e
M_stR_172T,117,e,e
M_stR_199T,118,e,e
M_stR_200T,119,e,e
M_stR_317T,120,e,e
M_stR_325T,121,e,out
M_stR_326T,122,e,out
M_stR_329T,123,e,e
M_stR_337T,124,e,e
M_stR_351T,125,e,out
M_stR_352T,126,e,out
M_stR_362T,127,e,e
M_stR_378T,128,e,e
M_stR_380T,129,e,e
M_stR_394T,130,e,e
M_stR_405T,131,e,e
M_stR_424_2T,132,e,e
M_stR_426T,133,e,out
M_stR_434T,134,e,e
M_stR_445T,135,e,e
M_stR_475T,136,e,e
M_stR_494T,137,e,e
M_stR_500T,138,e,e
M_stR_507T_S8,139,e,e
M_stR_511T,140,e,e
M_stR_524T,141,e,e
M_stR_532T,142,e,e
M_stR_534T,143,e,e
M_stR_538T,144,e,e
M_stR_548T,145,e,e
M_stR_552T,146,e,e
M_stR_553T,147,e,e
M_stR_566T,148,e,out
M_stR_576T,149,e,e
M_stR_581T,150,e,e
M_stR_612T,151,e,e
M_stR_627T,152,e,e
M_E_699_T_DR,153,e,e
M_E_711_T_DR,154,e,e
M_E_722_T_DR,155,e,e
M_E_712_T_DR,156,e,out
M_E_742T_out_DR,157,e,out
M_E_668_T_DR,158,ad,ad
M_E_682_T_DR,159,ad,ad
M_E_696_T_DR,160,ad,ad
M_E_325N_DR,161,n,0
M_E_326N_DR,162,n,0
M_E_351N_DR,163,n,0
M_E_352N_DR,164,n,0
M_stR_424N,165,n,0
M_E_426N_DR,166,n,0
M_stR_471N,167,n,0
M_stR_473N,168,n,0
M_stR_474N,169,n,0
M_stR_477N,170,n,0
M_stR_479N,171,n,0
M_stR_480N,172,n,0
M_stR_484N,173,n,0
M_stR_488N,174,n,0
M_stR_492N,175,n,0
M_stR_507N,176,n,0
M_E_566N_DR,177,n,0
M_stR_405N,178,n,0
M_stR_445N,179,n,0
M_stR_494N,180,n,0
M_stR_534N,181,n,0
M_stR_538N,182,n,0
M_stR_548N,183,n,0
M_stR_553N,184,n,0
M_stR_576N,185,n,0
M_stR_581N,186,n,0
M_stR_612N,187,n,0
M_stR_627N,188,n,0
M_E_54N_DR,189,n,0
M_E_712N_DR,190,n,0
M_E_742N_DR,191,n,0
